address,city,state
5700 LORRAINE AV,Stockton,CA
1816 E EIGHTH ST,Stockton,CA
1607 S AURORA ST,Stockton,CA
1620 S GRANT ST,Stockton,CA
539 W EIGHTH ST,Stockton,CA
71 W SEVENTH ST,Stockton,CA
741 E SECOND ST,Stockton,CA
270 W NINTH ST,Stockton,CA
211 E EIGHTH ST,Stockton,CA
2318 S AIRPORT WY,Stockton,CA
634 E FOURTH ST,Stockton,CA
2130 S AIRPORT WY,Stockton,CA
1849 E EIGHTH ST,Stockton,CA
2332 S AIRPORT WY,Stockton,CA
2326 S AIRPORT WY,Stockton,CA
267 W EIGHTH ST,Stockton,CA
2314 SCRIBNER ST,Stockton,CA
1654 E NINTH ST,Stockton,CA
2317 PHELPS ST,Stockton,CA
817 E FOURTH ST,Stockton,CA
1030 E SEVENTH ST,Stockton,CA
S TURNPIKE RD/W EIGHTH ST,Stockton,CA
2205 S TURNPIKE RD,Stockton,CA
1926 S SAN JOAQUIN ST,Stockton,CA
2154 S EL DORADO ST,Stockton,CA
126 HORTON AV,Stockton,CA
432 KOLHER ST,Stockton,CA
207 E MARTIN LUTHER KING BL,Stockton,CA
1805 S SUTTER ST,Stockton,CA
2129 S UNION ST,Stockton,CA
1647 E SIXTH ST,Stockton,CA
10 E MARTIN LUTHER KING BL,Stockton,CA
2012 S SACRAMENTO ST,Stockton,CA
2627 DUCK CT,Stockton,CA
202 W FIFTH ST,Stockton,CA
1625 E SIXTH ST,Stockton,CA
2125 S SUTTER ST,Stockton,CA
2323 PHELPS ST,Stockton,CA
1635 S GRANT ST,Stockton,CA
1502 E EIGHTH ST,Stockton,CA
725 OSO ST,Stockton,CA
409 E SECOND ST,Stockton,CA
1555 S AMERICAN ST,Stockton,CA
2494 S MADISON ST,Stockton,CA
1561 SPRING ST,Stockton,CA
2528 TIFFANY ST,Stockton,CA
1705 S SUTTER ST,Stockton,CA
1450 S AURORA ST,Stockton,CA
1347 S EL DORADO ST,Stockton,CA
526 E MARTIN LUTHER KING BL,Stockton,CA
441 E MARTIN LUTHER KING BL,Stockton,CA
2120 S UNION ST,Stockton,CA
2542 S EL DORADO ST,Stockton,CA
536 E EIGHTH ST,Stockton,CA
1721 S AURORA ST,Stockton,CA
636 E MARTIN LUTHER KING BL,Stockton,CA
1902 S AMERICAN ST,Stockton,CA
2343 S SACRAMENTO ST,Stockton,CA
1630 E EIGHTH ST,Stockton,CA
1749 S AMERICAN ST,Stockton,CA
439 HOWARD ST,Stockton,CA
327 E SIXTH ST,Stockton,CA
155 HORTON AV,Stockton,CA
NB I5 OFF RAMP/W EIGHTH ST,Stockton,CA
1805 E ELEVENTH ST,Stockton,CA
1424 S STANISLAUS ST,Stockton,CA
702 E MARTIN LUTHER KING BL,Stockton,CA
1504 ELEVENTH ST,Stockton,CA
1445 S EL DORADO ST,Stockton,CA
2043 S AIRPORT WY,Stockton,CA
728 CLOYNE CT,Stockton,CA
226 W SIXTH ST,Stockton,CA
659 E FIFTH ST,Stockton,CA
1509 SPRING ST,Stockton,CA
1826 CLOVER LN,Stockton,CA
1726 S AIRPORT WY,Stockton,CA
918 E SECOND ST,Stockton,CA
155 W NINTH ST,Stockton,CA
1815 E ELEVENTH ST,Stockton,CA
1525 E SEVENTH ST,Stockton,CA
582 W NINTH ST,Stockton,CA
620 E MARTIN LUTHER KING BL,Stockton,CA
2454 S PILGRIM ST,Stockton,CA
2404 ANNE ST,Stockton,CA
2704 S HARRISON ST,Stockton,CA
2405 S AIRPORT WY,Stockton,CA
1445 S SAN JOAQUIN ST,Stockton,CA
1538 E TENTH ST,Stockton,CA
121 E FIRST ST,Stockton,CA
PHELPS ST/TWELFTH ST,Stockton,CA
1569 E EIGHTH ST,Stockton,CA
1402 TWELFTH ST,Stockton,CA
1763 S AURORA ST,Stockton,CA
1935 S SUTTER ST,Stockton,CA
315 W FIFTH ST,Stockton,CA
1562 JULIAN ST,Stockton,CA
1946 S HARRISON ST,Stockton,CA
2422 S CALIFORNIA ST,Stockton,CA
1639 S LINCOLN ST,Stockton,CA
2457 S PILGRIM ST,Stockton,CA
1554 JULIAN ST,Stockton,CA
1517 E EIGHTH ST,Stockton,CA
1957 S UNION ST,Stockton,CA
2443 S CALIFORNIA ST,Stockton,CA
752 CLOYNE CT,Stockton,CA
2348 S UNION ST,Stockton,CA
2433 TIFFANY ST,Stockton,CA
1557 SPRING ST,Stockton,CA
550 W FIFTH ST,Stockton,CA
1513 E NINTH ST,Stockton,CA
1851 E ELEVENTH ST,Stockton,CA
1409 S AIRPORT WY,Stockton,CA
2847 HEINZ ST,Stockton,CA
729 CLOYNE CT,Stockton,CA
1602 S UNION ST,Stockton,CA
1805 S AIRPORT WY,Stockton,CA
135 W FIFTH ST,Stockton,CA
S AIRPORT WY/TWELFTH ST,Stockton,CA
1326 S MADISON ST,Stockton,CA
638 E FOURTH ST,Stockton,CA
2402 PHELPS ST,Stockton,CA
2115 ANNE ST,Stockton,CA
434 E MARTIN LUTHER KING BL,Stockton,CA
2319 S SACRAMENTO ST,Stockton,CA
E MARTIN LUTHER KING BL/S GRANT,Stockton,CA
1670 ELEVENTH ST,Stockton,CA
2223 S EL DORADO ST,Stockton,CA
549 W MARTIN LUTHER KING BL,Stockton,CA
2409 PHELPS ST,Stockton,CA
733 CLOYNE CT,Stockton,CA
1424 S GRANT ST,Stockton,CA
2105 PHELPS ST,Stockton,CA
544 E MARTIN LUTHER KING BL,Stockton,CA
1437 E SIXTH ST,Stockton,CA
1702 S AURORA ST,Stockton,CA
1587 S TURNPIKE RD,Stockton,CA
15 W SIXTH ST,Stockton,CA
2177 BAJA CT,Stockton,CA
2538 TIFFANY ST,Stockton,CA
1633 E NINTH ST,Stockton,CA
100 E EIGHTH ST,Stockton,CA
2637 S VAN BUREN ST,Stockton,CA
1730 S UNION ST,Stockton,CA
1846 CLOVER LN,Stockton,CA
2442 S AIRPORT WY,Stockton,CA
1511 S STANISLAUS ST,Stockton,CA
2521 PHELPS ST,Stockton,CA
566 DELHI AV,Stockton,CA
1703 S AIRPORT WY,Stockton,CA
1536 S CALIFORNIA ST,Stockton,CA
1658 S AIRPORT WY,Stockton,CA
2227 S AIRPORT WY,Stockton,CA
2349 S SACRAMENTO ST,Stockton,CA
1554 SIERRA LN,Stockton,CA
2012 S TURNPIKE RD,Stockton,CA
2348 SCRIBNER ST,Stockton,CA
1537 ARTESE LN,Stockton,CA
1501 S AIRPORT WY,Stockton,CA
1602 TWELFTH ST,Stockton,CA
2520 BELLEVIEW AV,Stockton,CA
2322 SCRIBNER ST,Stockton,CA
2255 S AIRPORT WY,Stockton,CA
2403 S PILGRIM ST,Stockton,CA
2319 S PILGRIM ST,Stockton,CA
508 W EIGHTH ST,Stockton,CA
2420 S CALIFORNIA ST,Stockton,CA
717 HEMLOCK ST,Stockton,CA
930 E MARTIN LUTHER KING BL,Stockton,CA
2117 S MADISON ST,Stockton,CA
1649 HOUSTON AV,Stockton,CA
1732 S UNION ST,Stockton,CA
1546 E TENTH ST,Stockton,CA
115 W SIXTH ST,Stockton,CA
2161 S AMERICAN ST,Stockton,CA
1573 E SIXTH ST,Stockton,CA
720 E CLAY ST,Stockton,CA
2014 S CALIFORNIA ST,Stockton,CA
2509 PHELPS ST,Stockton,CA
2517 PHELPS ST,Stockton,CA
270 DELHI AV,Stockton,CA
1584 S AIRPORT WY,Stockton,CA
E WEBER AV/N CALIFORNIA ST,Stockton,CA
2026 S CALIFORNIA ST,Stockton,CA
1020 E NINTH ST,Stockton,CA
2522 ORVILLE ST,Stockton,CA
2347 SCRIBNER ST,Stockton,CA
1622 E SEVENTH ST,Stockton,CA
1726 E THIRTEENTH ST,Stockton,CA
2105 SCRIBNER ST,Stockton,CA
1622 JULIAN ST,Stockton,CA
2126 S UNION ST,Stockton,CA
KELLEY DR/VALLEY FORGE DR,Stockton,CA
2051 S PILGRIM ST,Stockton,CA
2508 BELLEVIEW AV,Stockton,CA
E ELEVENTH ST/BIEGHLE ST,Stockton,CA
1541 E TENTH ST,Stockton,CA
1722 BENEDINO CI,Stockton,CA
2202 SCRIBNER ST,Stockton,CA
2708 WESSON WY,Stockton,CA
1680 S AIRPORT WY,Stockton,CA
221 W NINTH ST,Stockton,CA
2006 S PILGRIM ST,Stockton,CA
216 E FIRST ST,Stockton,CA
2635 S COMMERCE ST,Stockton,CA
1868 E TENTH ST,Stockton,CA
1610 ELEVENTH ST,Stockton,CA
241 W FOURTH ST,Stockton,CA
2003 S SACRAMENTO ST,Stockton,CA
2778 S CALIFORNIA ST,Stockton,CA
737 E FIFTH ST,Stockton,CA
159 W EIGHTH ST,Stockton,CA
2651 S AIRPORT WY,Stockton,CA
2246 S PILGRIM ST,Stockton,CA
745 E FIFTH ST,Stockton,CA
572 W SEVENTH ST,Stockton,CA
2238 S UNION ST,Stockton,CA
1920 S MONROE ST,Stockton,CA
125 NAOMI COCHRAN DR,Stockton,CA
2043 S AMERICAN ST,Stockton,CA
2800 S EL DORADO ST,Stockton,CA
2121 S PILGRIM ST,Stockton,CA
W CHARTER WY/SB I5 OFF RAMP,Stockton,CA
1714 BENEDINO CI,Stockton,CA
402 E MARTIN LUTHER KING BL,Stockton,CA
1601 E NINTH ST,Stockton,CA
431 W FOURTH ST,Stockton,CA
605 E MARTIN LUTHER KING BL,Stockton,CA
1819 S AMERICAN ST,Stockton,CA
2345 SCRIBNER ST,Stockton,CA
1931 S MONROE ST,Stockton,CA
561 BUENA VIDA CT,Stockton,CA
2363 S EL DORADO ST,Stockton,CA
2059 SCRIBNER ST,Stockton,CA
2243 S PILGRIM ST,Stockton,CA
1837 S SUTTER ST,Stockton,CA
2375 OPHIR ST,Stockton,CA
434 E SEVENTH ST,Stockton,CA
1957 S CALIFORNIA ST,Stockton,CA
720 E MARTIN LUTHER KING BL,Stockton,CA
163 S TURNPIKE RD,Stockton,CA
1319 S GRANT ST,Stockton,CA
2426 PHELPS ST,Stockton,CA
222 W SEVENTH ST,Stockton,CA
435 W NINTH ST,Stockton,CA
212 W SEVENTH ST,Stockton,CA
2252 S HARRISON ST,Stockton,CA
2154 S SAN JOAQUIN ST,Stockton,CA
1925 S MONROE ST,Stockton,CA
1846 E EIGHTH ST,Stockton,CA
1245 E EIGHTH ST,Stockton,CA
2059 S UNION ST,Stockton,CA
S SUTTER ST/E THIRD ST,Stockton,CA
2546 S EL DORADO ST,Stockton,CA
746 OSO ST,Stockton,CA
1507 E SIXTH ST,Stockton,CA
1526 TWELFTH ST,Stockton,CA
1803 SIKH TEMPLE ST,Stockton,CA
1915 S EL DORADO ST,Stockton,CA
440 E SIXTH ST,Stockton,CA
2405 OPHIR ST,Stockton,CA
1463 NAVY DR,Stockton,CA
1574 E EIGHTH ST,Stockton,CA
2433 PHELPS ST,Stockton,CA
1810 E TENTH ST,Stockton,CA
519 W FOURTH ST,Stockton,CA
2618 ODELL AV,Stockton,CA
1546 S AMERICAN ST,Stockton,CA
437 ST FRANCIS ST,Stockton,CA
2070 S EL DORADO ST,Stockton,CA
2210 SCRIBNER ST,Stockton,CA
1415 S HUNTER ST,Stockton,CA
2634 FAIRMONT AV,Stockton,CA
2401 PHELPS ST,Stockton,CA
1526 JULIAN ST,Stockton,CA
630 E FIFTH ST,Stockton,CA
1830 S MONROE ST,Stockton,CA
2285 S SUTTER ST,Stockton,CA
1747 S STANISLAUS ST,Stockton,CA
1635 S SAN JOAQUIN ST,Stockton,CA
2244 S AIRPORT WY,Stockton,CA
2040 S AIRPORT WY,Stockton,CA
844 E THIRD ST,Stockton,CA
1679 ELEVENTH ST,Stockton,CA
S AIRPORT WY/E SECOND ST,Stockton,CA
2605 PLAYA DEL SOL AV,Stockton,CA
2121 S HARRISON ST,Stockton,CA
22 W EIGHTH ST,Stockton,CA
1927 S CALIFORNIA ST,Stockton,CA
301 W SEVENTH ST,Stockton,CA
2010 S MADISON ST,Stockton,CA
361 KOLHER ST,Stockton,CA
2118 ANNE ST,Stockton,CA
1934 S GRANT ST,Stockton,CA
719 CLOYNE CT,Stockton,CA
931 E MARTIN LUTHER KING BL,Stockton,CA
1824 E EIGHTH ST,Stockton,CA
1535 S SUTTER ST,Stockton,CA
2052 S PILGRIM ST,Stockton,CA
1672 TWELFTH ST,Stockton,CA
2301 PHELPS ST,Stockton,CA
1545 SPRING ST,Stockton,CA
1558 SPRING ST,Stockton,CA
1513 E SEVENTH ST,Stockton,CA
210 E FIFTH ST,Stockton,CA
2645 S LINCOLN ST,Stockton,CA
2041 SCRIBNER ST,Stockton,CA
1550 SPRING ST,Stockton,CA
2104 S PILGRIM ST,Stockton,CA
2303 S UNION ST,Stockton,CA
1732 S LINCOLN ST,Stockton,CA
518 E SIXTH ST,Stockton,CA
261 W FOURTH ST,Stockton,CA
2611 BIEGHLE ST,Stockton,CA
1502 S GRANT ST,Stockton,CA
1447 S AMERICAN ST,Stockton,CA
1205 E SEVENTH ST,Stockton,CA
517 CABANA WY,Stockton,CA
351 W SEVENTH ST,Stockton,CA
1930 S AMERICAN ST,Stockton,CA
1562 S EL DORADO ST,Stockton,CA
1549 E SEVENTH ST,Stockton,CA
148 W MARTIN LUTHER KING BL,Stockton,CA
2018 SCRIBNER ST,Stockton,CA
1535 S CENTER ST,Stockton,CA
444 E THIRD ST,Stockton,CA
215 W EIGHTH ST,Stockton,CA
1545 S SAN JOAQUIN ST,Stockton,CA
1449 S TURNPIKE RD,Stockton,CA
641 E SIXTH ST,Stockton,CA
2260 S CALIFORNIA ST,Stockton,CA
1542 E SEVENTH ST,Stockton,CA
1912 S CALIFORNIA ST,Stockton,CA
1625 S TURNPIKE RD,Stockton,CA
2025 S AMERICAN ST,Stockton,CA
1720 S STANISLAUS ST,Stockton,CA
1485 E SIXTH ST,Stockton,CA
307 KOLHER ST,Stockton,CA
1300 S SAN JOAQUIN ST,Stockton,CA
1105 E EIGHTH ST,Stockton,CA
1518 E EIGHTH ST,Stockton,CA
635 E NINTH ST,Stockton,CA
820 E CLAY ST,Stockton,CA
843 E THIRD ST,Stockton,CA
2743 VOLNEY CT,Stockton,CA
2209 S SACRAMENTO ST,Stockton,CA
1502 JULIAN ST,Stockton,CA
1938 S LINCOLN ST,Stockton,CA
2430 S CALIFORNIA ST,Stockton,CA
1646 SIKH TEMPLE ST,Stockton,CA
S PILGRIM ST/E EIGHTH ST,Stockton,CA
2332 S EL DORADO ST,Stockton,CA
450 W SEVENTH ST,Stockton,CA
2211 OPHIR ST,Stockton,CA
2411 S PILGRIM ST,Stockton,CA
2147 S SAN JOAQUIN ST,Stockton,CA
1457 E SEVENTH ST,Stockton,CA
2303 OPHIR ST,Stockton,CA
2418 S LINCOLN ST,Stockton,CA
2121 PHELPS ST,Stockton,CA
2238 S MONROE ST,Stockton,CA
2546 S TURNPIKE RD,Stockton,CA
S GRANT ST/E FOURTH ST,Stockton,CA
2460 S MADISON ST,Stockton,CA
2044 FAIR ST,Stockton,CA
1546 SPRING ST,Stockton,CA
1140 E SEVENTH ST,Stockton,CA
1502 E SEVENTH ST,Stockton,CA
2529 PHELPS ST,Stockton,CA
CALHOUN WY/HARRISBURG PL,Stockton,CA
2119 ANNE ST,Stockton,CA
2445 OPHIR ST,Stockton,CA
1617 S SUTTER ST,Stockton,CA
1607 S TURNPIKE RD,Stockton,CA
2058 FAIR ST,Stockton,CA
738 E SECOND ST,Stockton,CA
2128 ANNE ST,Stockton,CA
2505 PHELPS ST,Stockton,CA
1518 E TENTH ST,Stockton,CA
2338 S SACRAMENTO ST,Stockton,CA
375 DELHI AV,Stockton,CA
S UNION ST/E SEVENTH ST,Stockton,CA
445 W THIRD ST,Stockton,CA
542 KOLHER ST,Stockton,CA
135 E FIRST ST,Stockton,CA
1227 E EIGHTH ST,Stockton,CA
1784 BENEDINO CI,Stockton,CA
2446 S PILGRIM ST,Stockton,CA
517 W MARTIN LUTHER KING BL,Stockton,CA
2504 TIFFANY ST,Stockton,CA
1517 JULIAN ST,Stockton,CA
1737 S AURORA ST,Stockton,CA
2055 S LINCOLN ST,Stockton,CA
1731 S SUTTER ST,Stockton,CA
524 E NINTH ST,Stockton,CA
361 W EIGHTH ST,Stockton,CA
1319 S SAN JOAQUIN ST,Stockton,CA
347 E SIXTH ST,Stockton,CA
1765 S HARRISON ST,Stockton,CA
351 HOWARD ST,Stockton,CA
2065 SCRIBNER ST,Stockton,CA
742 E MARTIN LUTHER KING BL,Stockton,CA
1919 S AIRPORT WY,Stockton,CA
2237 S LINCOLN ST,Stockton,CA
1856 S AIRPORT WY,Stockton,CA
2301 S SACRAMENTO ST,Stockton,CA
1546 E EIGHTH ST,Stockton,CA
2061 S PILGRIM ST,Stockton,CA
507 ASPEN ST,Stockton,CA
118 W SIXTH ST,Stockton,CA
2305 S AIRPORT WY,Stockton,CA
1679 S UNION ST,Stockton,CA
1635 S AMERICAN ST,Stockton,CA
2715 S BIEGHLE ST,Stockton,CA
1931 S AMERICAN ST,Stockton,CA
1687 THIRTEENTH ST,Stockton,CA
1618 E SEVENTH ST,Stockton,CA
310 W MARTIN LUTHER KING BL,Stockton,CA
2203 S UNION ST,Stockton,CA
1781 BENEDINO CI,Stockton,CA
707 HOWARD ST,Stockton,CA
2005 SUPERIOR ST,Stockton,CA
1628 E SIXTH ST,Stockton,CA
411 E THIRD ST,Stockton,CA
1552 S AIRPORT WY,Stockton,CA
1654 S STANISLAUS ST,Stockton,CA
1619 FIESTA PZ,Stockton,CA
2517 BURTON ST,Stockton,CA
339 W EIGHTH ST,Stockton,CA
2600 S AIRPORT WY,Stockton,CA
2219 S PILGRIM ST,Stockton,CA
2436 VOLNEY ST,Stockton,CA
2432 VOLNEY ST,Stockton,CA
2435 VOLNEY ST,Stockton,CA
2504 ORVILLE ST,Stockton,CA
2346 PHELPS ST,Stockton,CA
2423 S CALIFORNIA ST,Stockton,CA
817 E THIRD ST,Stockton,CA
2502 ORVILLE ST,Stockton,CA
2172 S SUTTER ST,Stockton,CA
1951 S EL DORADO ST,Stockton,CA
2314 S UNION ST,Stockton,CA
2713 S HARRISON ST,Stockton,CA
302 W FOURTH ST,Stockton,CA
1722 S SUTTER ST,Stockton,CA
2450 S LINCOLN ST,Stockton,CA
401 W SEVENTH ST,Stockton,CA
2501 BURTON ST,Stockton,CA
1946 S GRANT ST,Stockton,CA
1653 JULIAN ST,Stockton,CA
1720 S SAN JOAQUIN ST,Stockton,CA
2405 TIFFANY ST,Stockton,CA
1516 E TENTH ST,Stockton,CA
E LANCASTER DR/E YOKUTS AV,Stockton,CA
2354 S PILGRIM ST,Stockton,CA
2508 BIEGHLE ST,Stockton,CA
N EDISON ST/W PARK ST,Stockton,CA
1569 E NINTH ST,Stockton,CA
2653 S AIRPORT WY,Stockton,CA
2410 S AIRPORT WY,Stockton,CA
2411 VOLNEY ST,Stockton,CA
1701 E EIGHTH ST,Stockton,CA
1438 TWELFTH ST,Stockton,CA
414 HOWARD ST,Stockton,CA
1610 E SIXTH ST,Stockton,CA
405 W EIGHTH ST,Stockton,CA
1522 S LINCOLN ST,Stockton,CA
6235 INGLEWOOD AV,Stockton,CA
228 E SIXTH ST,Stockton,CA
1509 E TENTH ST,Stockton,CA
1508 ELEVENTH ST,Stockton,CA
2257 S CALIFORNIA ST,Stockton,CA
629 E FIFTH ST,Stockton,CA
1835 CLOVER LN,Stockton,CA
1813 CLOVER LN,Stockton,CA
2444 BIEGHLE ST,Stockton,CA
1806 E ELEVENTH ST,Stockton,CA
1521 E NINTH ST,Stockton,CA
1759 S HARRISON ST,Stockton,CA
2252 S AMERICAN ST,Stockton,CA
2011 S UNION ST,Stockton,CA
2149 AZTEC AV,Stockton,CA
2305 S EL DORADO ST,Stockton,CA
2121 S CALIFORNIA ST,Stockton,CA
2257 S SACRAMENTO ST,Stockton,CA
2200 E LAFAYETTE ST,Stockton,CA
506 W NINTH ST,Stockton,CA
2424 S HARRISON ST,Stockton,CA
22 E MARKET ST,Stockton,CA
2718 CERRUTI ST,Stockton,CA
1501 E NINTH ST,Stockton,CA
S UNION ST/FOLSOM ST,Stockton,CA
2042 S SAN JOAQUIN ST,Stockton,CA
2459 S MADISON ST,Stockton,CA
1537 E NINTH ST,Stockton,CA
2428 S PILGRIM ST,Stockton,CA
2627 CERRUTI ST,Stockton,CA
311 E MARTIN LUTHER KING BL,Stockton,CA
1806 GRANADA DR,Stockton,CA
2110 SCRIBNER ST,Stockton,CA
2529 S MONROE ST,Stockton,CA
1551 S SAN JOAQUIN ST,Stockton,CA
1529 E SEVENTH ST,Stockton,CA
2034 SUPERIOR ST,Stockton,CA
E SEVENTH ST/FAIR ST,Stockton,CA
1546 S HUNTER ST,Stockton,CA
1843 E NINTH ST,Stockton,CA
1100 E CLAY ST,Stockton,CA
17 W EIGHTH ST,Stockton,CA
1145 E TENTH ST,Stockton,CA
1502 E NINTH ST,Stockton,CA
2535 TIFFANY ST,Stockton,CA
2277 S TURNPIKE RD,Stockton,CA
1136 E NINTH ST,Stockton,CA
495 W NINTH ST,Stockton,CA
1843 E TENTH ST,Stockton,CA
1221 E NINTH ST,Stockton,CA
1836 E EIGHTH ST,Stockton,CA
1517 E NINTH ST,Stockton,CA
402 W SEVENTH ST,Stockton,CA
2823 S CALIFORNIA ST,Stockton,CA
1121 E MARTIN LUTHER KING BL,Stockton,CA
14 MOSSWOOD AV,Stockton,CA
1763 BENEDINO CI,Stockton,CA
710 E FOURTH ST,Stockton,CA
1707 E THIRTEENTH ST,Stockton,CA
1614 JULIAN ST,Stockton,CA
2013 FAIR ST,Stockton,CA
2351 PHELPS ST,Stockton,CA
1609 JULIAN ST,Stockton,CA
2427 TIFFANY ST,Stockton,CA
1602 JULIAN ST,Stockton,CA
1330 S EL DORADO ST,Stockton,CA
1446 S SUTTER ST,Stockton,CA
2424 BELLEVIEW AV,Stockton,CA
1535 ARRIBA RD,Stockton,CA
2241 S SACRAMENTO ST,Stockton,CA
1539 ARRIBA RD,Stockton,CA
2321 S UNION ST,Stockton,CA
425 E FIRST ST,Stockton,CA
1604 S HUNTER ST,Stockton,CA
2348 S AIRPORT WY,Stockton,CA
1614 S SAN JOAQUIN ST,Stockton,CA
314 W FOURTH ST,Stockton,CA
201 E EIGHTH ST,Stockton,CA
235 W THIRD ST,Stockton,CA
2021 S CALIFORNIA ST,Stockton,CA
1729 S CALIFORNIA ST,Stockton,CA
1676 TWELFTH ST,Stockton,CA
1731 BENEDINO CI,Stockton,CA
2404 PHELPS ST,Stockton,CA
1632 TWELFTH ST,Stockton,CA
1731 ELEVENTH ST,Stockton,CA
2347 S COMMERCE ST,Stockton,CA
1517 E TENTH ST,Stockton,CA
1738 E TENTH ST,Stockton,CA
2340 S HARRISON ST,Stockton,CA
619 E MARTIN LUTHER KING BL,Stockton,CA
1704 ELEVENTH ST,Stockton,CA
1501 E EIGHTH ST,Stockton,CA
2406 PHELPS ST,Stockton,CA
2421 PHELPS ST,Stockton,CA
1537 E TENTH ST,Stockton,CA
1436 S EL DORADO ST,Stockton,CA
1609 FIESTA PZ,Stockton,CA
2221 ANNE ST,Stockton,CA
SB I5 ON RAMP/W CHARTER WY,Stockton,CA
2057 PHELPS ST,Stockton,CA
343 DELHI AV,Stockton,CA
2410 VOLNEY ST,Stockton,CA
731 HEMLOCK ST,Stockton,CA
CLOVER LN/BIEGHLE ST,Stockton,CA
357 W FIFTH ST,Stockton,CA
1577 E TENTH ST,Stockton,CA
2428 ANNE ST,Stockton,CA
2431 VOLNEY ST,Stockton,CA
149 E EIGHTH ST,Stockton,CA
2519 ORVILLE ST,Stockton,CA
1637 SPRING ST,Stockton,CA
SB I5 OFF RAMP/W EIGHTH ST,Stockton,CA
1427 S AIRPORT WY,Stockton,CA
2121 S LINCOLN ST,Stockton,CA
WISCONSIN AV/MICHIGAN AV,Stockton,CA
1537 E EIGHTH ST,Stockton,CA
2005 S SAN JOAQUIN ST,Stockton,CA
2452 S AIRPORT WY,Stockton,CA
1631 E SIXTH ST,Stockton,CA
1629 E SIXTH ST,Stockton,CA
2511 VIVA PZ,Stockton,CA
210 E MARTIN LUTHER KING BL,Stockton,CA
1637 E SEVENTH ST,Stockton,CA
19 MOSSWOOD AV,Stockton,CA
217 W FOURTH ST,Stockton,CA
1642 S CALIFORNIA ST,Stockton,CA
1719 BENEDINO CI,Stockton,CA
1660 S AMERICAN ST,Stockton,CA
1649 E EIGHTH ST,Stockton,CA
2126 PHELPS ST,Stockton,CA
350 W THIRD ST,Stockton,CA
1729 S AMERICAN ST,Stockton,CA
S STOCKTON ST/W SECOND ST,Stockton,CA
722 E THIRD ST,Stockton,CA
227 E MARTIN LUTHER KING BL,Stockton,CA
2005 OPHIR ST,Stockton,CA
404 W EIGHTH ST,Stockton,CA
41 MOSSWOOD AV,Stockton,CA
1515 ARRIBA RD,Stockton,CA
1604 ELEVENTH ST,Stockton,CA
E SEVENTH ST/PHELPS ST,Stockton,CA
1548 SIKH TEMPLE ST,Stockton,CA
1507 ARRIBA RD,Stockton,CA
174 HORTON AV,Stockton,CA
323 E FIRST ST,Stockton,CA
1935 S HUNTER ST,Stockton,CA
1624 TWELFTH ST,Stockton,CA
1537 SPRING ST,Stockton,CA
2113 PHELPS ST,Stockton,CA
1507 TWELFTH ST,Stockton,CA
620 W MARTIN LUTHER KING BL,Stockton,CA
33 HOWARD ST,Stockton,CA
N E ST/E FREMONT ST,Stockton,CA
2717 CERRUTI ST,Stockton,CA
318 E FIFTH ST,Stockton,CA
2211 S AMERICAN ST,Stockton,CA
1516 TWELFTH ST,Stockton,CA
1932 S CALIFORNIA ST,Stockton,CA
1514 E SEVENTH ST,Stockton,CA
1702 S LINCOLN ST,Stockton,CA
2021 SUPERIOR ST,Stockton,CA
1715 BENEDINO CI,Stockton,CA
1545 ARRIBA RD,Stockton,CA
2022 S HARRISON ST,Stockton,CA
1544 S GRANT ST,Stockton,CA
1650 ELEVENTH ST,Stockton,CA
247 W MARTIN LUTHER KING BL,Stockton,CA
369 MOSSWOOD AV,Stockton,CA
523 W EIGHTH ST,Stockton,CA
421 E EIGHTH ST,Stockton,CA
421 E FIRST ST,Stockton,CA
848 E FIRST ST,Stockton,CA
1428 S GRANT ST,Stockton,CA
2041 S CALIFORNIA ST,Stockton,CA
2045 S CALIFORNIA ST,Stockton,CA
2403 TIFFANY ST,Stockton,CA
2480 S MADISON ST,Stockton,CA
2633 WESSON WY,Stockton,CA
2160 S AMERICAN ST,Stockton,CA
501 E FOURTH ST,Stockton,CA
205 E THIRD ST,Stockton,CA
1410 S AURORA ST,Stockton,CA
101 DELHI AV,Stockton,CA
1667 S SUTTER ST,Stockton,CA
AZTEC AV/E SEVENTH ST,Stockton,CA
220 E CLAY ST,Stockton,CA
2204 S CALIFORNIA ST,Stockton,CA
1505 JULIAN ST,Stockton,CA
SCRIBNER ST/E SIXTH ST,Stockton,CA
1725 S EL DORADO ST,Stockton,CA
401 DELHI AV,Stockton,CA
1930 S AIRPORT WY,Stockton,CA
704 E FIFTH ST,Stockton,CA
1562 E NINTH ST,Stockton,CA
2140 S SUTTER ST,Stockton,CA
704 W FIFTH ST,Stockton,CA
2707 PLAYA DEL SOL AV,Stockton,CA
547 E NINTH ST,Stockton,CA
1711 S TURNPIKE RD,Stockton,CA
2335 S COMMERCE ST,Stockton,CA
TWELFTH ST/S AIRPORT WY,Stockton,CA
607 E FIRST ST,Stockton,CA
1522 E SEVENTH ST,Stockton,CA
2274 S SAN JOAQUIN ST,Stockton,CA
1404 E SIXTH ST,Stockton,CA
4401 LA CRESTA WY,Stockton,CA
1431 E EIGHTH ST,Stockton,CA
LE MANS AV/CHAMBORD DR,Stockton,CA
2406 VOLNEY ST,Stockton,CA
42 HOWARD ST,Stockton,CA
1520 TWELFTH ST,Stockton,CA
2563 S LINCOLN ST,Stockton,CA
1460 E SIXTH ST,Stockton,CA
721 E MARTIN LUTHER KING BL,Stockton,CA
608 E MARTIN LUTHER KING BL,Stockton,CA
4100 E STATE ROUTE 88,Stockton,CA
28 W EIGHTH ST,Stockton,CA
1510 E SIXTH ST,Stockton,CA
1540 ELEVENTH ST,Stockton,CA
PHELPS ST/E EIGHTH ST,Stockton,CA
1502 S EL DORADO ST,Stockton,CA
2121 S AMERICAN ST,Stockton,CA
2315 S HARRISON ST,Stockton,CA
1602 S STANISLAUS ST,Stockton,CA
1736 S STANISLAUS ST,Stockton,CA
644 E THIRD ST,Stockton,CA
1313 E MARTIN LUTHER KING BL,Stockton,CA
1590 E SIXTH ST,Stockton,CA
2649 S CALIFORNIA ST,Stockton,CA
2046 SCRIBNER ST,Stockton,CA
2513 S CALIFORNIA ST,Stockton,CA
1702 E SEVENTH ST,Stockton,CA
1557 S SAN JOAQUIN ST,Stockton,CA
2129 S AMERICAN ST,Stockton,CA
2747 S BIEGHLE ST,Stockton,CA
1562 E SEVENTH ST,Stockton,CA
350 E NINTH ST,Stockton,CA
66 W FIFTH ST,Stockton,CA
550 E SIXTH ST,Stockton,CA
1527 S AMERICAN ST,Stockton,CA
1400 E EIGHTH ST,Stockton,CA
102 HORTON AV,Stockton,CA
1943 S SUTTER ST,Stockton,CA
320 E FIRST ST,Stockton,CA
1570 E NINTH ST,Stockton,CA
400 E SIXTH ST,Stockton,CA
1815 S UNION ST,Stockton,CA
1128 E SEVENTH ST,Stockton,CA
1105 E SEVENTH ST,Stockton,CA
1834 S AMERICAN ST,Stockton,CA
2201 S MONROE ST,Stockton,CA
2401 VOLNEY ST,Stockton,CA
2451 OPHIR ST,Stockton,CA
2104 BAJA CT,Stockton,CA
1525 E TENTH ST,Stockton,CA
2152 S PILGRIM ST,Stockton,CA
800 E FIFTH ST,Stockton,CA
520 W NINTH ST,Stockton,CA
1859 E EIGHTH ST,Stockton,CA
102 DELHI AV,Stockton,CA
111 W SEVENTH ST,Stockton,CA
1650 E EIGHTH ST,Stockton,CA
117 W SIXTH ST,Stockton,CA
2613 S VAN BUREN ST,Stockton,CA
1721 S GRANT ST,Stockton,CA
1710 S LINCOLN ST,Stockton,CA
421 W FOURTH ST,Stockton,CA
2112 S CALIFORNIA ST,Stockton,CA
2023 S HARRISON ST,Stockton,CA
362 W FOURTH ST,Stockton,CA
1817 S AURORA ST,Stockton,CA
438 ST FRANCIS ST,Stockton,CA
2533 S AIRPORT WY,Stockton,CA
1527 S SAN JOAQUIN ST,Stockton,CA
732 E SIXTH ST,Stockton,CA
228 W SEVENTH ST,Stockton,CA
1605 JULIAN ST,Stockton,CA
2035 S PILGRIM ST,Stockton,CA
S TURNPIKE RD/S LINCOLN ST,Stockton,CA
2023 S EL DORADO ST,Stockton,CA
2027 S SAN JOAQUIN ST,Stockton,CA
704 E FOURTH ST,Stockton,CA
2237 OPHIR ST,Stockton,CA
2210 S SUTTER ST,Stockton,CA
2011 S SAN JOAQUIN ST,Stockton,CA
250 E FIFTH ST,Stockton,CA
1925 S AMERICAN ST,Stockton,CA
1100 FOLSOM ST,Stockton,CA
2028 S COMMERCE ST,Stockton,CA
2100 S MONROE ST,Stockton,CA
235 MOSSWOOD AV,Stockton,CA
2154 S UNION ST,Stockton,CA
219 E FIFTH ST,Stockton,CA
2715 PHELPS CT,Stockton,CA
1425 S STANISLAUS ST,Stockton,CA
2432 S MONROE ST,Stockton,CA
1613 E NINTH ST,Stockton,CA
2103 AZTEC AV,Stockton,CA
1678 E SIXTH ST,Stockton,CA
1844 E TENTH ST,Stockton,CA
1531 TWELFTH ST,Stockton,CA
RAZO LN/WESSON WY,Stockton,CA
2525 S EL DORADO ST,Stockton,CA
1220 E NINTH ST,Stockton,CA
1525 S SAN JOAQUIN ST,Stockton,CA
1727 S GRANT ST,Stockton,CA
1807 E EIGHTH ST,Stockton,CA
1400 E NINTH ST,Stockton,CA
241 E THIRD ST,Stockton,CA
212 W THIRD ST,Stockton,CA
1401 E TENTH ST,Stockton,CA
730 E CLAY ST,Stockton,CA
564 W SIXTH ST,Stockton,CA
334 E SECOND ST,Stockton,CA
2206 SCRIBNER ST,Stockton,CA
1615 THIRTEENTH ST,Stockton,CA
1642 S GRANT ST,Stockton,CA
2344 S UNION ST,Stockton,CA
2100 OPHIR ST,Stockton,CA
551 E SECOND ST,Stockton,CA
245 W MARTIN LUTHER KING BL,Stockton,CA
353 E EIGHTH ST,Stockton,CA
2146 SCRIBNER ST,Stockton,CA
418 E SECOND ST,Stockton,CA
514 E SECOND ST,Stockton,CA
1835 S HUNTER ST,Stockton,CA
2633 S LINCOLN ST,Stockton,CA
701 E MARTIN LUTHER KING BL,Stockton,CA
1574 E TENTH ST,Stockton,CA
2618 DUCK CT,Stockton,CA
1501 S AMERICAN ST,Stockton,CA
2244 S LINCOLN ST,Stockton,CA
1425 S CALIFORNIA ST,Stockton,CA
2058 S LINCOLN ST,Stockton,CA
1793 E THIRTEENTH ST,Stockton,CA
161 W THIRD ST,Stockton,CA
37 W SIXTH ST,Stockton,CA
167 W FOURTH ST,Stockton,CA
1545 ARTESE LN,Stockton,CA
1519 S AMERICAN ST,Stockton,CA
2013 S AMERICAN ST,Stockton,CA
1566 E NINTH ST,Stockton,CA
1546 S EL DORADO ST,Stockton,CA
25 HOWARD ST,Stockton,CA
2450 S UNION ST,Stockton,CA
1449 S UNION ST,Stockton,CA
423 ST FRANCIS ST,Stockton,CA
1521 E EIGHTH ST,Stockton,CA
1611 S UNION ST,Stockton,CA
540 E FOURTH ST,Stockton,CA
645 E FOURTH ST,Stockton,CA
749 E MARTIN LUTHER KING BL,Stockton,CA
2616 CERRUTI ST,Stockton,CA
1713 S TURNPIKE RD,Stockton,CA
1601 S CALIFORNIA ST,Stockton,CA
1554 E NINTH ST,Stockton,CA
150 GATEWAY CT,Stockton,CA
S TURNPIKE RD/W MARTIN LUTHER KI,Stockton,CA
1505 S UNION ST,Stockton,CA
SB INTERSTATE 5/W EIGHTH ST,Stockton,CA
1305 S CALIFORNIA ST,Stockton,CA
1001 E MARTIN LUTHER KING BL,Stockton,CA
2232 S COMMERCE ST,Stockton,CA
1535 S SAN JOAQUIN ST,Stockton,CA
1410 S CALIFORNIA ST,Stockton,CA
1653 E NINTH ST,Stockton,CA
1426 S SAN JOAQUIN ST,Stockton,CA
700 W EIGHTH ST,Stockton,CA
2127 PERALTA AV,Stockton,CA
2256 S COMMERCE ST,Stockton,CA
107 NAOMI COCHRAN DR,Stockton,CA
2201 BIEGHLE ST,Stockton,CA
1532 S SAN JOAQUIN ST,Stockton,CA
2270 S AMERICAN ST,Stockton,CA
524 DELHI AV,Stockton,CA
2021 SCRIBNER ST,Stockton,CA
2113 S AIRPORT WY,Stockton,CA
831 E FIRST ST,Stockton,CA
302 E SEVENTH ST,Stockton,CA
1518 SPRING ST,Stockton,CA
1101 E FIRST ST,Stockton,CA
1425 S CENTER ST,Stockton,CA
101 DELLA ST,Stockton,CA
433 W THIRD ST,Stockton,CA
1539 S TURNPIKE RD,Stockton,CA
2625 S COMMERCE ST,Stockton,CA
115 W THIRD ST,Stockton,CA
1701 E SEVENTH ST,Stockton,CA
2026 SUPERIOR ST,Stockton,CA
101 E SIXTH ST,Stockton,CA
2347 ANNE ST,Stockton,CA
333 DELHI AV,Stockton,CA
1806 CLOVER LN,Stockton,CA
301 E MARTIN LUTHER KING BL,Stockton,CA
2282 S SUTTER ST,Stockton,CA
1621 S AURORA ST,Stockton,CA
611 W MARTIN LUTHER KING BL,Stockton,CA
1653 E SEVENTH ST,Stockton,CA
528 E SIXTH ST,Stockton,CA
2254 S UNION ST,Stockton,CA
1504 S AMERICAN ST,Stockton,CA
848 E MARTIN LUTHER KING BL,Stockton,CA
2044 S PILGRIM ST,Stockton,CA
1825 S CALIFORNIA ST,Stockton,CA
2335 PHELPS ST,Stockton,CA
517 E FOURTH ST,Stockton,CA
1826 S TURNPIKE RD,Stockton,CA
1853 E TENTH ST,Stockton,CA
580 W MARTIN LUTHER KING BL,Stockton,CA
1320 S STANISLAUS ST,Stockton,CA
2243 S EL DORADO ST,Stockton,CA
500 W MARTIN LUTHER KING BL,Stockton,CA
436 E THIRD ST,Stockton,CA
826 E SECOND ST,Stockton,CA
2038 SCRIBNER ST,Stockton,CA
1644 IDA AV,Stockton,CA
402 E FIFTH ST,Stockton,CA
1637 E EIGHTH ST,Stockton,CA
378 W MARTIN LUTHER KING BL,Stockton,CA
710 E MARTIN LUTHER KING BL,Stockton,CA
TWELFTH ST/PHELPS AV,Stockton,CA
1762 S TURNPIKE RD,Stockton,CA
1533 E EIGHTH ST,Stockton,CA
1739 S UNION ST,Stockton,CA
530 W MARTIN LUTHER KING BL,Stockton,CA
2261 S PILGRIM ST,Stockton,CA
421 W SEVENTH ST,Stockton,CA
1569 SPRING ST,Stockton,CA
1636 E SIXTH ST,Stockton,CA
1535 S AMERICAN ST,Stockton,CA
1534 SPRING ST,Stockton,CA
740 OSO ST,Stockton,CA
1533 ARRIBA RD,Stockton,CA
2106 SCRIBNER ST,Stockton,CA
1649 SPRING ST,Stockton,CA
1318 S STANISLAUS ST,Stockton,CA
2434 VOLNEY ST,Stockton,CA
141 W MARTIN LUTHER KING BL,Stockton,CA
23 W SIXTH ST,Stockton,CA
744 OSO ST,Stockton,CA
331 E FOURTH ST,Stockton,CA
301 E NINTH ST,Stockton,CA
2135 S AIRPORT WY,Stockton,CA
449 W SEVENTH ST,Stockton,CA
1585 S TURNPIKE RD,Stockton,CA
2449 S CALIFORNIA ST,Stockton,CA
1658 S SAN JOAQUIN ST,Stockton,CA
1335 S AMERICAN ST,Stockton,CA
1611 S AIRPORT WY,Stockton,CA
1545 E TENTH ST,Stockton,CA
1635 S EL DORADO ST,Stockton,CA
1614 S TURNPIKE RD,Stockton,CA
2727 S HARRISON ST,Stockton,CA
1605 E TENTH ST,Stockton,CA
110 E MARTIN LUTHER KING BL,Stockton,CA
521 ASPEN ST,Stockton,CA
2063 S LINCOLN ST,Stockton,CA
39 W MARTIN LUTHER KING BL,Stockton,CA
2239 BIEGHLE ST,Stockton,CA
1517 S CALIFORNIA ST,Stockton,CA
1035 E NINTH ST,Stockton,CA
PHELPS AV/TWELFTH ST,Stockton,CA
1528 ELEVENTH ST,Stockton,CA
1528 S LINCOLN ST,Stockton,CA
2512 BELLEVIEW AV,Stockton,CA
E MARTIN LUTHER KING BL/S CENTER,Stockton,CA
2019 S CALIFORNIA ST,Stockton,CA
1124 E NINTH ST,Stockton,CA
1561 E SEVENTH ST,Stockton,CA
1529 E EIGHTH ST,Stockton,CA
2257 S LINCOLN ST,Stockton,CA
1443 E SIXTH ST,Stockton,CA
1507 S SUTTER ST,Stockton,CA
225 W FOURTH ST,Stockton,CA
577 W NINTH ST,Stockton,CA
4031 EWS WOODS BL,Stockton,CA
W CHARTER WY/NB INTERSTATE 5,Stockton,CA
1605 S GRANT ST,Stockton,CA
1718 BENEDINO CI,Stockton,CA
2401 S LINCOLN ST,Stockton,CA
10 W MARTIN LUTHER KING BL,Stockton,CA
313 W SIXTH ST,Stockton,CA
16 HOWARD ST,Stockton,CA
100 E FIFTH ST,Stockton,CA
739 E SECOND ST,Stockton,CA
1521 E TENTH ST,Stockton,CA
2101 ANNE ST,Stockton,CA
S TURNPIKE RD/W SEVENTH ST,Stockton,CA
1540 E WORTH ST,Stockton,CA
1653 S TURNPIKE RD,Stockton,CA
332 W THIRD ST,Stockton,CA
2037 S SAN JOAQUIN ST,Stockton,CA
1719 S HUNTER ST,Stockton,CA
2535 S EL DORADO ST,Stockton,CA
201 MOSSWOOD AV,Stockton,CA
601 E SEVENTH ST,Stockton,CA
1725 S HUNTER ST,Stockton,CA
1519 S SAN JOAQUIN ST,Stockton,CA
1525 E NINTH ST,Stockton,CA
429 E SIXTH ST,Stockton,CA
1736 S HUNTER ST,Stockton,CA
406 E FIFTH ST,Stockton,CA
802 E FOURTH ST,Stockton,CA
201 W NINTH ST,Stockton,CA
314 MOSSWOOD AV,Stockton,CA
2525 PHELPS ST,Stockton,CA
2615 BIEGHLE ST,Stockton,CA
1725 S STANISLAUS ST,Stockton,CA
542 W EIGHTH ST,Stockton,CA
1570 SPRING ST,Stockton,CA
1200 E NINTH ST,Stockton,CA
2437 VOLNEY ST,Stockton,CA
646 E SIXTH ST,Stockton,CA
2044 S AMERICAN ST,Stockton,CA
2425 S HARRISON ST,Stockton,CA
1905 S SUTTER ST,Stockton,CA
638 W MARTIN LUTHER KING BL,Stockton,CA
1542 SPRING ST,Stockton,CA
1695 THIRTEENTH ST,Stockton,CA
2301 S CALIFORNIA ST,Stockton,CA
218 E FOURTH ST,Stockton,CA
300 E NINTH ST,Stockton,CA
350 W FIFTH ST,Stockton,CA
225 W SIXTH ST,Stockton,CA
1979 S MADISON ST,Stockton,CA
1745 S AMERICAN ST,Stockton,CA
2524 ORVILLE ST,Stockton,CA
901 E SECOND ST,Stockton,CA
1924 S SAN JOAQUIN ST,Stockton,CA
1753 S STANISLAUS ST,Stockton,CA
1517 SPRING ST,Stockton,CA
627 E SIXTH ST,Stockton,CA
1711 SACCHETTI CI,Stockton,CA
344 W THIRD ST,Stockton,CA
1602 E EIGHTH ST,Stockton,CA
2049 SUPERIOR ST,Stockton,CA
401 E NINTH ST,Stockton,CA
1918 S AMERICAN ST,Stockton,CA
1549 S CALIFORNIA ST,Stockton,CA
2307 S HARRISON ST,Stockton,CA
1936 S AMERICAN ST,Stockton,CA
2054 S MADISON ST,Stockton,CA
1607 E SIXTH ST,Stockton,CA
2123 S MONROE ST,Stockton,CA
209 W SEVENTH ST,Stockton,CA
131 E FIFTH ST,Stockton,CA
2264 S MONROE ST,Stockton,CA
453 E SIXTH ST,Stockton,CA
2027 S COMMERCE ST,Stockton,CA
628 E THIRD ST,Stockton,CA
2011 S SACRAMENTO ST,Stockton,CA
156 NAOMI COCHRAN DR,Stockton,CA
1521 SPRING ST,Stockton,CA
2119 OPHIR ST,Stockton,CA
616 E SIXTH ST,Stockton,CA
2632 WESSON WY,Stockton,CA
2036 S UNION ST,Stockton,CA
1701 ELEVENTH ST,Stockton,CA
1850 CLOVER LN,Stockton,CA
2474 BIEGHLE ST,Stockton,CA
2742 S BIEGHLE ST,Stockton,CA
2014 SCRIBNER ST,Stockton,CA
2127 ANNE ST,Stockton,CA
1570 JULIAN ST,Stockton,CA
406 E CLAY ST,Stockton,CA
1554 MANIAGO DR,Stockton,CA
1135 E SEVENTH ST,Stockton,CA
401 E FIFTH ST,Stockton,CA
353 W MARTIN LUTHER KING BL,Stockton,CA
800 E FIRST ST,Stockton,CA
2318 S MONROE ST,Stockton,CA
1625 E EIGHTH ST,Stockton,CA
2302 SCRIBNER ST,Stockton,CA
1951 S AMERICAN ST,Stockton,CA
224 W SIXTH ST,Stockton,CA
2530 S HARRISON ST,Stockton,CA
1028 E NINTH ST,Stockton,CA
2333 S MADISON ST,Stockton,CA
1647 S CALIFORNIA ST,Stockton,CA
1758 S HARRISON ST,Stockton,CA
2724 CERRUTI ST,Stockton,CA
1701 S CALIFORNIA ST,Stockton,CA
2334 S SACRAMENTO ST,Stockton,CA
1557 E NINTH ST,Stockton,CA
1828 E TENTH ST,Stockton,CA
1701 N WILSON WY,Stockton,CA
115 E THIRD ST,Stockton,CA
322 E MARTIN LUTHER KING BL,Stockton,CA
S AIRPORT WY/E EIGHTH ST,Stockton,CA
1301 S SUTTER ST,Stockton,CA
1795 S AIRPORT WY,Stockton,CA
1703 S COMMERCE ST,Stockton,CA
346 W SIXTH ST,Stockton,CA
503 W FIFTH ST,Stockton,CA
2332 S MADISON ST,Stockton,CA
205 W NINTH ST,Stockton,CA
2559 S MONROE ST,Stockton,CA
521 W FIFTH ST,Stockton,CA
2045 S AMERICAN ST,Stockton,CA
1401 TWELFTH ST,Stockton,CA
1630 S SUTTER ST,Stockton,CA
1701 S HARRISON ST,Stockton,CA
1533 JULIAN ST,Stockton,CA
1709 S COMMERCE ST,Stockton,CA
2016 S PILGRIM ST,Stockton,CA
620 E SIXTH ST,Stockton,CA
538 W FOURTH ST,Stockton,CA
119 W NINTH ST,Stockton,CA
2329 S COMMERCE ST,Stockton,CA
1128 E TENTH ST,Stockton,CA
1609 S HUNTER ST,Stockton,CA
1536 S AURORA ST,Stockton,CA
1720 ELEVENTH ST,Stockton,CA
1909 S COMMERCE ST,Stockton,CA
145 W SIXTH ST,Stockton,CA
1102 E CLAY ST,Stockton,CA
18 DELHI AV,Stockton,CA
1542 E EIGHTH ST,Stockton,CA
E FIRST ST/S GRANT ST,Stockton,CA
238 W FOURTH ST,Stockton,CA
1974 S MADISON ST,Stockton,CA
2630 S LINCOLN ST,Stockton,CA
101 E THIRD ST,Stockton,CA
1525 SPRING ST,Stockton,CA
357 W SIXTH ST,Stockton,CA
1400 E TENTH ST,Stockton,CA
720 OSO ST,Stockton,CA
511 W SEVENTH ST,Stockton,CA
1229 E TENTH ST,Stockton,CA
1738 S LINCOLN ST,Stockton,CA
1752 S HARRISON ST,Stockton,CA
408 W NINTH ST,Stockton,CA
1503 TWELFTH ST,Stockton,CA
1910 PORT RD A,Stockton,CA
1511 ELEVENTH ST,Stockton,CA
1512 S GRANT ST,Stockton,CA
234 W SIXTH ST,Stockton,CA
1505 ELEVENTH ST,Stockton,CA
1912 S AMERICAN ST,Stockton,CA
1518 E SEVENTH ST,Stockton,CA
1536 S SUTTER ST,Stockton,CA
2525 S AIRPORT WY,Stockton,CA
1505 E SEVENTH ST,Stockton,CA
156 HOWARD ST,Stockton,CA
1620 TWELFTH ST,Stockton,CA
1951 S MADISON ST,Stockton,CA
1635 TWELFTH ST,Stockton,CA
2033 S MADISON ST,Stockton,CA
58 W SIXTH ST,Stockton,CA
1527 S AURORA ST,Stockton,CA
901 E FIRST ST,Stockton,CA
2634 ODELL AV,Stockton,CA
1836 S HUNTER ST,Stockton,CA
1872 E TENTH ST,Stockton,CA
301 E SECOND ST,Stockton,CA
1541 S AURORA ST,Stockton,CA
2617 WESSON WY,Stockton,CA
1810 E THIRTEENTH ST,Stockton,CA
821 E FIFTH ST,Stockton,CA
601 E SIXTH ST,Stockton,CA
2638 S COMMERCE ST,Stockton,CA
2251 S UNION ST,Stockton,CA
1504 S STANISLAUS ST,Stockton,CA
MOSSWOOD AV/S MADISON ST,Stockton,CA
339 W SIXTH ST,Stockton,CA
1614 S GRANT ST,Stockton,CA
"1658 S AIRPORT WY, STOCKTON",Stockton,CA
"162 W SIXTH ST, STOCKTON",Stockton,CA
"135 W SIXTH ST, STOCKTON",Stockton,CA
"1548 S EL DORADO ST, STOCKTON",Stockton,CA
"1795 S AIRPORT WY, STOCKTON",Stockton,CA
"2325 S SACRAMENTO ST, STOCKTON",Stockton,CA
"HOWARD ST AT S TURNPIKE RD, STOCKTON",Stockton,CA
"429 E SIXTH ST, STOCKTON",Stockton,CA
"701 HEMLOCK ST, STOCKTON",Stockton,CA
"426 E FIRST ST, STOCKTON",Stockton,CA
"636 E MARTIN LUTHER KING BL, STOCKTON",Stockton,CA
"1701 ELEVENTH ST, STOCKTON",Stockton,CA
"1752 S HARRISON ST, STOCKTON",Stockton,CA
"2306 S UNION ST, STOCKTON",Stockton,CA
"1701 E EIGHTH ST, STOCKTON",Stockton,CA
"1540 ELEVENTH ST, STOCKTON",Stockton,CA
"433 E SIXTH ST, STOCKTON",Stockton,CA
"1450 S AURORA ST, STOCKTON",Stockton,CA
"1727 S GRANT ST, STOCKTON",Stockton,CA
"1703 S LINCOLN ST, STOCKTON",Stockton,CA
"1425 S STANISLAUS ST, STOCKTON",Stockton,CA
"1419 S STANISLAUS ST, STOCKTON",Stockton,CA
"1651 S AURORA ST, STOCKTON",Stockton,CA
"E FIRST ST AT S STANISLAUS ST, STOCKTON",Stockton,CA
"1499 SIKH TEMPLE ST, STOCKTON",Stockton,CA
"1728 S SAN JOAQUIN ST, STOCKTON",Stockton,CA
"1427 S AMERICAN ST, STOCKTON",Stockton,CA
"1722 S SUTTER ST, STOCKTON",Stockton,CA
"2054 S MADISON ST, STOCKTON",Stockton,CA
"301 W EIGHTH ST, STOCKTON",Stockton,CA
"2480 S MADISON ST, STOCKTON",Stockton,CA
"2236 S AMERICAN ST, STOCKTON",Stockton,CA
"103 W SIXTH ST, STOCKTON",Stockton,CA
"1924 S SAN JOAQUIN ST, STOCKTON",Stockton,CA
"1565 S EL DORADO ST, STOCKTON",Stockton,CA
"2437 PHELPS ST, STOCKTON",Stockton,CA
"1509 ARRIBA RD, STOCKTON",Stockton,CA
"2304 S PILGRIM ST, STOCKTON",Stockton,CA
"1421 S STANISLAUS ST, STOCKTON",Stockton,CA
"1230 W ROSE ST, STOCKTON",Stockton,CA
"325 E FIRST ST, STOCKTON",Stockton,CA
"21 W FOURTH ST, STOCKTON",Stockton,CA
"549 W MARTIN LUTHER KING BL, STOCKTON",Stockton,CA
"1609 JULIAN ST, STOCKTON",Stockton,CA
"730 HEMLOCK ST, STOCKTON",Stockton,CA
"1543 E TENTH ST, STOCKTON",Stockton,CA
"103 MOSSWOOD AV, STOCKTON",Stockton,CA
"225 W SIXTH ST, STOCKTON",Stockton,CA
"2047 S HUNTER ST, STOCKTON",Stockton,CA
"2070 N EL DORADO ST, STOCKTON",Stockton,CA
"1449 TURNPIKE RD, STOCKTON",Stockton,CA
"1527 S AURORA ST, STOCKTON",Stockton,CA
"1711 S STANISLAUS ST, STOCKTON",Stockton,CA
"1930 S AMERICAN ST, STOCKTON",Stockton,CA
"2222 S AIRPORT WY, STOCKTON",Stockton,CA
"2147 S SAN JOAQUIN ST, STOCKTON",Stockton,CA
"2517 S BIEGHLE ST, STOCKTON",Stockton,CA
"1322 S HUNTER ST, STOCKTON",Stockton,CA
"2042 SCRIBNER ST, STOCKTON",Stockton,CA
"2449 S CALIFORNIA ST, STOCKTON",Stockton,CA
"710 E DR MARTIN LUTHER KING JR BL, STOCKTON",Stockton,CA
"1943 S SUTTER ST, STOCKTON",Stockton,CA
"601 W EIGHTH ST, STOCKTON",Stockton,CA
"1698 E SIXTH ST, STOCKTON",Stockton,CA
"1601 S STANISLAUS ST, STOCKTON",Stockton,CA
"2061 S LINCOLN ST, STOCKTON",Stockton,CA
"413 DELHI AV, STOCKTON",Stockton,CA
"2052 S AIRPORT WY, STOCKTON",Stockton,CA
"2314 S UNION ST, STOCKTON",Stockton,CA
"2119 ANNE ST, STOCKTON",Stockton,CA
"1660 S AMERICAN ST, STOCKTON",Stockton,CA
"2004 S HUNTER ST, STOCKTON",Stockton,CA
"311 W THIRD ST, STOCKTON",Stockton,CA
"1554 MANIAGO DR, STOCKTON",Stockton,CA
"1800 S LINCOLN ST, STOCKTON",Stockton,CA
"1550 JULIAN ST, STOCKTON",Stockton,CA
"1331 S MADISON ST, STOCKTON",Stockton,CA
"2253 OPHIR ST, STOCKTON",Stockton,CA
"1743 S SAN JOAQUIN ST, STOCKTON",Stockton,CA
"2045 S AMERICAN ST, STOCKTON",Stockton,CA
"2311 S UNION ST, STOCKTON",Stockton,CA
"2025 SCRIBNER ST, STOCKTON",Stockton,CA
"645 E SECOND ST, STOCKTON",Stockton,CA
"1725 S STANISLAUS ST, STOCKTON",Stockton,CA
"1725 E THIRTEENTH ST, STOCKTON",Stockton,CA
"2404 S CALIFORNIA ST, STOCKTON",Stockton,CA
"1322 S EL DORADO ST, STOCKTON",Stockton,CA
"301 E NINTH ST, STOCKTON",Stockton,CA
"1751 S AURORA ST, STOCKTON",Stockton,CA
"2051 S HARRISON ST, STOCKTON",Stockton,CA
"2128 BAJA CT, STOCKTON",Stockton,CA
"1649 E EIGHTH ST, STOCKTON",Stockton,CA
"1642 E SEVENTH ST, STOCKTON",Stockton,CA
"2530 ORVILLE ST, STOCKTON",Stockton,CA
"2028 TURNPIKE RD, STOCKTON",Stockton,CA
"1843 S AMERICAN ST, STOCKTON",Stockton,CA
"601 E SEVENTH ST, STOCKTON",Stockton,CA
"300 E NINTH ST, STOCKTON",Stockton,CA
"1735 E THIRTEENTH ST, STOCKTON",Stockton,CA
"101 DELHI AV, STOCKTON",Stockton,CA
"2405 OPHIR ST, STOCKTON",Stockton,CA
"2058 S LINCOLN ST, STOCKTON",Stockton,CA
"1817 S AURORA ST, STOCKTON",Stockton,CA
"730 OSO ST, STOCKTON",Stockton,CA
"41 W EIGHTH ST, STOCKTON",Stockton,CA
"462 DELHI AV, STOCKTON",Stockton,CA
"2307 S COMMERCE ST, STOCKTON",Stockton,CA
"740 E SIXTH ST, STOCKTON",Stockton,CA
"518 E EIGHTH ST, STOCKTON",Stockton,CA
"1530 E SIXTH ST, STOCKTON",Stockton,CA
"530 E THIRD ST, STOCKTON",Stockton,CA
"2747 S BIEGHLE ST, STOCKTON",Stockton,CA
"IDA AV AT ELEVENTH ST, STOCKTON",Stockton,CA
"1930 S TURNPIKE RD, STOCKTON",Stockton,CA
"1563 S HUNTER ST, STOCKTON",Stockton,CA
"704 E FIFTH ST, STOCKTON",Stockton,CA
"258 W THIRD ST, STOCKTON",Stockton,CA
"2153 S UNION ST, STOCKTON",Stockton,CA
"2028 E FRENCH CAMP RD, STOCKTON",Stockton,CA
"1845 E THIRTEENTH ST, STOCKTON",Stockton,CA
"711 E SIXTH ST, STOCKTON",Stockton,CA
"2318 S AIRPORT WY, STOCKTON",Stockton,CA
"1574 E TENTH ST, STOCKTON",Stockton,CA
"2355 S PILGRIM ST, STOCKTON",Stockton,CA
"2329 PHELPS ST, STOCKTON",Stockton,CA
"1648 IDA AV, STOCKTON",Stockton,CA
"628 E THIRD ST, STOCKTON",Stockton,CA
"2663 FAIRMONT AV, STOCKTON",Stockton,CA
"37 W SIXTH ST, STOCKTON",Stockton,CA
"1793 E THIRTEENTH ST, STOCKTON",Stockton,CA
"1616 E TENTH ST, STOCKTON",Stockton,CA
"20 W FIFTH ST, STOCKTON",Stockton,CA
"2005 SCRIBNER ST, STOCKTON",Stockton,CA
"1687 E SIXTH ST, STOCKTON",Stockton,CA
"2632 WESSON WY, STOCKTON",Stockton,CA
"1400 E NINTH ST, STOCKTON",Stockton,CA
"2232 S SACRAMENTO ST, STOCKTON",Stockton,CA
"1630 S SUTTER ST, STOCKTON",Stockton,CA
"2628 CERRUTI ST, STOCKTON",Stockton,CA
"NB INTERSTATE 5 AT W EIGHTH ST, STOCKTON <0 AT 640>",Stockton,CA
"1536 S AURORA ST, STOCKTON",Stockton,CA
"748 HEMLOCK ST, STOCKTON",Stockton,CA
"1130 E NINTH ST, STOCKTON",Stockton,CA
"2261 S PILGRIM ST, STOCKTON",Stockton,CA
"711 E SECOND ST, STOCKTON",Stockton,CA
"1546 SIKH TEMPLE ST, STOCKTON",Stockton,CA
"582 W NINTH ST, STOCKTON",Stockton,CA
"2627 DUCK CT, STOCKTON",Stockton,CA
"2652 S CALIFORNIA ST, STOCKTON",Stockton,CA
"519 W DR MARTIN LUTHER KING JR BL, STOCKTON",Stockton,CA
"627 E SIXTH ST, STOCKTON",Stockton,CA
"1002 E CLAY ST, STOCKTON",Stockton,CA
"2520 BELLEVIEW AV, STOCKTON",Stockton,CA
"1714 BENEDINO CI, STOCKTON",Stockton,CA
"1507 ELEVENTH ST, STOCKTON",Stockton,CA
"1701 E SEVENTH ST, STOCKTON",Stockton,CA
"2408 VOLNEY ST, STOCKTON",Stockton,CA
"100 E SECOND ST, STOCKTON",Stockton,CA
"2146 SCRIBNER ST, STOCKTON",Stockton,CA
"1951 S EL DORADO ST, STOCKTON",Stockton,CA
"2363 S EL DORADO ST, STOCKTON",Stockton,CA
"403 KOLHER ST, STOCKTON",Stockton,CA
"1532 E TENTH ST, STOCKTON",Stockton,CA
"1525 S SAN JOAQUIN ST, STOCKTON",Stockton,CA
"425 W MARTIN LUTHER KING BL, STOCKTON",Stockton,CA
"1307 S GRANT ST, STOCKTON",Stockton,CA
"2246 S PILGRIM ST, STOCKTON",Stockton,CA
"2323 PHELPS ST, STOCKTON",Stockton,CA
"1657 TWELFTH ST, STOCKTON",Stockton,CA
"2446 S PILGRIM ST, STOCKTON",Stockton,CA
"508 W MARTIN LUTHER KING BL, STOCKTON",Stockton,CA
"1815 S UNION ST, STOCKTON",Stockton,CA
"1613 FIESTA PZ, STOCKTON",Stockton,CA
"1622 JULIAN ST, STOCKTON",Stockton,CA
"2205 OPHIR ST, STOCKTON",Stockton,CA
"1042 E TENTH ST, STOCKTON",Stockton,CA
"HORTON AV AT S COMMERCE ST, STOCKTON",Stockton,CA
"1949 S MONROE ST, STOCKTON",Stockton,CA
"2707 WESSON WY, STOCKTON",Stockton,CA
"2040 S GRANT ST, STOCKTON",Stockton,CA
"1806 GRANADA DR, STOCKTON",Stockton,CA
"1100 FOLSOM ST, STOCKTON",Stockton,CA
"2406 PHELPS ST, STOCKTON",Stockton,CA
"830 E FOURTH ST, STOCKTON",Stockton,CA
"2533 S AIRPORT WY, STOCKTON",Stockton,CA
"2451 OPHIR ST, STOCKTON",Stockton,CA
"1539 S TURNPIKE RD, STOCKTON",Stockton,CA
"2322 SCRIBNER ST, STOCKTON",Stockton,CA
"2505 PHELPS ST, STOCKTON",Stockton,CA
"2175 AZTEC AV, STOCKTON",Stockton,CA
"501 E MARTIN LUTHER KING BL, STOCKTON",Stockton,CA
"1909 S COMMERCE ST, STOCKTON",Stockton,CA
"1717 S AMERICAN ST, STOCKTON",Stockton,CA
"1728 S CALIFORNIA ST, STOCKTON",Stockton,CA
"1654 JULIAN ST, STOCKTON",Stockton,CA
"1140 E SEVENTH ST, STOCKTON",Stockton,CA
"1826 SIKH TEMPLE ST, STOCKTON",Stockton,CA
"1245 E SEVENTH ST, STOCKTON",Stockton,CA
"930 W CHARTER WY, STOCKTON",Stockton,CA
"2027 S HUNTER ST, STOCKTON",Stockton,CA
"2294 S EL DORADO ST, STOCKTON",Stockton,CA
"1812 S SAN JOAQUIN ST, STOCKTON",Stockton,CA
"1800 E THIRTEENTH ST, STOCKTON",Stockton,CA
"2049 S AMERICAN ST, STOCKTON",Stockton,CA
"135 E FIRST ST, STOCKTON",Stockton,CA
"2038 SCRIBNER ST, STOCKTON",Stockton,CA
"1508 S CENTER ST, STOCKTON",Stockton,CA
"1610 S EL DORADO ST, STOCKTON",Stockton,CA
"1739 S SUTTER ST, STOCKTON",Stockton,CA
"W SEVENTH ST AT S TURNPIKE RD, STOCKTON",Stockton,CA
"2452 S AIRPORT WY, STOCKTON",Stockton,CA
"2013 S AMERICAN ST, STOCKTON",Stockton,CA
"2239 S BIEGHLE ST, STOCKTON",Stockton,CA
"424 E NINTH ST, STOCKTON",Stockton,CA
"2026 N CALIFORNIA ST, STOCKTON",Stockton,CA
"1452 S CALIFORNIA ST, STOCKTON",Stockton,CA
"1630 SIKH TEMPLE ST, STOCKTON",Stockton,CA
"218 E THIRD ST, STOCKTON",Stockton,CA
"1709 S SAN JOAQUIN ST, STOCKTON",Stockton,CA
"511 E SEVENTH ST, STOCKTON",Stockton,CA
"2600 ODELL AV, STOCKTON",Stockton,CA
"733 CLOYNE CT, STOCKTON",Stockton,CA
"1845 S CALIFORNIA ST, STOCKTON",Stockton,CA
"1661 E SIXTH ST, STOCKTON",Stockton,CA
"1650 E SIXTH ST, STOCKTON",Stockton,CA
"1649 E SIXTH ST, STOCKTON",Stockton,CA
"1121 E MARTIN LUTHER KING BL, STOCKTON",Stockton,CA
"1747 S STANISLAUS ST, STOCKTON",Stockton,CA
"1759 S HARRISON ST, STOCKTON",Stockton,CA
"2301 S BIEGHLE ST, STOCKTON",Stockton,CA
"1614 JULIAN ST, STOCKTON",Stockton,CA
"2712 CERRUTI ST, STOCKTON",Stockton,CA
"2036 S HUNTER ST, STOCKTON",Stockton,CA
"1550 SPRING ST, STOCKTON",Stockton,CA
"1529 ARTESE LN, STOCKTON",Stockton,CA
"100 E SECOND ST #BLK, STOCKTON",Stockton,CA
"1640 THIRTEENTH ST, STOCKTON",Stockton,CA
"126 E SECOND ST, STOCKTON",Stockton,CA
"350 E FIRST ST, STOCKTON",Stockton,CA
"724 E NINTH ST, STOCKTON",Stockton,CA
"2625 S COMMERCE ST, STOCKTON",Stockton,CA
"2625 WESSON WY, STOCKTON",Stockton,CA
"1554 SPRING ST, STOCKTON",Stockton,CA
"1739 S UNION ST, STOCKTON",Stockton,CA
"2016 S SUTTER ST, STOCKTON",Stockton,CA
"2715 S EL DORADO ST, STOCKTON",Stockton,CA
"539 HOWARD ST, STOCKTON",Stockton,CA
"145 W SIXTH ST, STOCKTON",Stockton,CA
"SANTA PAULA WY AT W PONCE DE LEON AV, STOCKTON",Stockton,CA
"544 E MARTIN LUTHER KING BL, STOCKTON",Stockton,CA
"1814 S AMERICAN ST, STOCKTON",Stockton,CA
"301 E FIRST ST, STOCKTON",Stockton,CA
"2217 S LINCOLN ST, STOCKTON",Stockton,CA
"1703 SIKH TEMPLE ST, STOCKTON",Stockton,CA
"1030 E SEVENTH ST, STOCKTON",Stockton,CA
"319 W FOURTH ST, STOCKTON",Stockton,CA
"1557 SPRING ST, STOCKTON",Stockton,CA
"1124 E NINTH ST, STOCKTON",Stockton,CA
"2031 S PILGRIM ST, STOCKTON",Stockton,CA
"2035 S PILGRIM ST, STOCKTON",Stockton,CA
"640 E NINTH ST, STOCKTON",Stockton,CA
"1927 S SUTTER ST, STOCKTON",Stockton,CA
"1701 E TENTH ST, STOCKTON",Stockton,CA
"2427 S LINCOLN ST, STOCKTON",Stockton,CA
"601 E FOURTH ST, STOCKTON",Stockton,CA
"901 E SECOND ST, STOCKTON",Stockton,CA
"1852 S CALIFORNIA ST, STOCKTON",Stockton,CA
"2220 S PILGRIM ST, STOCKTON",Stockton,CA
"2400 BELLEVIEW AV, STOCKTON",Stockton,CA
"2510 S HARRISON ST, STOCKTON",Stockton,CA
"2305 S LINCOLN ST, STOCKTON",Stockton,CA
"1507 E EIGHTH ST, STOCKTON",Stockton,CA
"1100 E CLAY ST, STOCKTON",Stockton,CA
"541 E SEVENTH ST, STOCKTON",Stockton,CA
"1534 E NINTH ST, STOCKTON",Stockton,CA
"S COMMERCE ST AT HOWARD ST, STOCKTON",Stockton,CA
"801 E EIGHTH ST, STOCKTON",Stockton,CA
"137 W SIXTH ST, STOCKTON",Stockton,CA
"1800 S AURORA ST, STOCKTON",Stockton,CA
"76 DELHI AV, STOCKTON",Stockton,CA
"2 W SIXTH ST, STOCKTON",Stockton,CA
"2451 S EL DORADO ST, STOCKTON",Stockton,CA
"1987 S MADISON ST, STOCKTON",Stockton,CA
"1951 S MADISON ST, STOCKTON",Stockton,CA
"2169 PERALTA AV, STOCKTON",Stockton,CA
"1637 E SEVENTH ST, STOCKTON",Stockton,CA
"1514 E SEVENTH ST, STOCKTON",Stockton,CA
"629 E SECOND ST, STOCKTON",Stockton,CA
"S TURNPIKE E FR RD AT W FOURTH ST, STOCKTON",Stockton,CA
"432 E SIXTH ST, STOCKTON",Stockton,CA
"2114 SCRIBNER ST, STOCKTON",Stockton,CA
"1519 S SUTTER ST, STOCKTON",Stockton,CA
"2040 S AIRPORT WY, STOCKTON",Stockton,CA
"2635 S HARRISON ST, STOCKTON",Stockton,CA
"225 W NINTH ST, STOCKTON",Stockton,CA
"2121 PHELPS ST, STOCKTON",Stockton,CA
"2300 ANNE ST, STOCKTON",Stockton,CA
"2106 PERALTA AV, STOCKTON",Stockton,CA
"1950 S MADISON ST, STOCKTON",Stockton,CA
"1745 S CALIFORNIA ST, STOCKTON",Stockton,CA
"2117 PERALTA AV, STOCKTON",Stockton,CA
"547 E NINTH ST, STOCKTON",Stockton,CA
"2301 ANNE ST, STOCKTON",Stockton,CA
"1674 ELEVENTH ST, STOCKTON",Stockton,CA
"550 KOLHER ST, STOCKTON",Stockton,CA
"1856 S CALIFORNIA ST, STOCKTON",Stockton,CA
"2135 S AIRPORT WY, STOCKTON",Stockton,CA
"2518 PHELPS ST, STOCKTON",Stockton,CA
"800 E FIRST ST, STOCKTON",Stockton,CA
"1708 S CALIFORNIA ST, STOCKTON",Stockton,CA
"436 E THIRD ST, STOCKTON",Stockton,CA
"2014 SUPERIOR ST, STOCKTON",Stockton,CA
"612 E EIGHTH ST, STOCKTON",Stockton,CA
"1736 S AMERICAN ST, STOCKTON",Stockton,CA
"725 E SEVENTH ST, STOCKTON",Stockton,CA
"2346 SCRIBNER ST, STOCKTON",Stockton,CA
"1102 E CLAY ST, STOCKTON",Stockton,CA
"746 E MARTIN LUTHER KING BL, STOCKTON",Stockton,CA
"1625 S TURNPIKE RD, STOCKTON",Stockton,CA
"712 E SEVENTH ST, STOCKTON",Stockton,CA
"E EIGHTH ST AT S SAN JOAQUIN ST, STOCKTON",Stockton,CA
"2212 PERALTA AV, STOCKTON",Stockton,CA
"2051 S PILGRIM ST, STOCKTON",Stockton,CA
"2153 SCRIBNER ST, STOCKTON",Stockton,CA
"2204 S AMERICAN ST, STOCKTON",Stockton,CA
"1521 S SUTTER ST, STOCKTON",Stockton,CA
"66 W FIFTH ST, STOCKTON",Stockton,CA
"2441 S MONROE ST, STOCKTON",Stockton,CA
"720 E MARTIN LUTHER KING BL, STOCKTON",Stockton,CA
"1636 E SEVENTH ST, STOCKTON",Stockton,CA
"1639 E EIGHTH ST, STOCKTON",Stockton,CA
"HOWARD ST AT S STOCKTON ST, STOCKTON",Stockton,CA
"1636 S AMERICAN ST, STOCKTON",Stockton,CA
"236 W THIRD ST, STOCKTON",Stockton,CA
"752 CLOYNE CT, STOCKTON",Stockton,CA
"999 E SECOND ST, STOCKTON",Stockton,CA
"1522 JULIAN ST, STOCKTON",Stockton,CA
"2121 SCRIBNER ST, STOCKTON",Stockton,CA
"NB INTERSTATE 5 AT W CHARTER WY, STOCKTON <0 AT 700>",Stockton,CA
"156 HOWARD ST, STOCKTON",Stockton,CA
"2428 S PILGRIM ST, STOCKTON",Stockton,CA
"1900 S LINCOLN ST, STOCKTON",Stockton,CA
"1602 E EIGHTH ST, STOCKTON",Stockton,CA
"1504 S STANISLAUS ST, STOCKTON",Stockton,CA
"1831 S CALIFORNIA ST, STOCKTON",Stockton,CA
"2163 S UNION ST, STOCKTON",Stockton,CA
"1130 E EIGHTH ST, STOCKTON",Stockton,CA
"2610 S HARRISON ST, STOCKTON",Stockton,CA
"1401 E EIGHTH ST, STOCKTON",Stockton,CA
"326 W THIRD ST, STOCKTON",Stockton,CA
"442 ST FRANCIS ST, STOCKTON",Stockton,CA
"2044 S AMERICAN ST, STOCKTON",Stockton,CA
"244 E FIRST ST, STOCKTON",Stockton,CA
"2520 S HARRISON ST, STOCKTON",Stockton,CA
"1965 S EL DORADO ST, STOCKTON",Stockton,CA
"1936 S SUTTER ST, STOCKTON",Stockton,CA
"2206 SCRIBNER ST, STOCKTON",Stockton,CA
"2708 WESSON WY, STOCKTON",Stockton,CA
"2036 S SAN JOAQUIN ST, STOCKTON",Stockton,CA
"1955 S AMERICAN ST, STOCKTON",Stockton,CA
"2433 BELLEVIEW AV, STOCKTON",Stockton,CA
"1725 S LINCOLN ST, STOCKTON",Stockton,CA
"557 W EIGHTH ST, STOCKTON",Stockton,CA
"150 HORTON AV, STOCKTON",Stockton,CA
"1938 S SUTTER ST, STOCKTON",Stockton,CA
"2335 S COMMERCE ST, STOCKTON",Stockton,CA
"401 E SIXTH ST, STOCKTON",Stockton,CA
"338 E THIRD ST, STOCKTON",Stockton,CA
"1718 BENEDINO CI, STOCKTON",Stockton,CA
"2028 S AMERICAN ST, STOCKTON",Stockton,CA
"1715 ELEVENTH ST, STOCKTON",Stockton,CA
"675 W MARTIN LUTHER KING BL, STOCKTON",Stockton,CA
"2405 TIFFANY ST, STOCKTON",Stockton,CA
"1961 S EL DORADO ST, STOCKTON",Stockton,CA
"1953 S EL DORADO ST, STOCKTON",Stockton,CA
"744 E SIXTH ST, STOCKTON",Stockton,CA
"200 W MARTIN LUTHER KING BL, STOCKTON",Stockton,CA
"1501 E NINTH ST, STOCKTON",Stockton,CA
"1020 E MARTIN LUTHER KING BL, STOCKTON",Stockton,CA
"215 W EIGHTH ST, STOCKTON",Stockton,CA
"2200 ANNE ST, STOCKTON",Stockton,CA
"1646 SPRING ST, STOCKTON",Stockton,CA
"1850 S EL DORADO ST, STOCKTON",Stockton,CA
"2122 S AIRPORT WY, STOCKTON",Stockton,CA
"1730 S CALIFORNIA ST, STOCKTON",Stockton,CA
"S AIRPORT WY AT E MARTIN LUTHER KING BL, STOCKTON",Stockton,CA
"745 E SIXTH ST, STOCKTON",Stockton,CA
"1609 E TENTH ST, STOCKTON",Stockton,CA
"1575 S LINCOLN ST, STOCKTON",Stockton,CA
"2027 S SACRAMENTO ST, STOCKTON",Stockton,CA
"1569 JULIAN ST, STOCKTON",Stockton,CA
"1574 JULIAN ST, STOCKTON",Stockton,CA
"2313 S SACRAMENTO ST, STOCKTON",Stockton,CA
"2300 SCRIBNER ST, STOCKTON",Stockton,CA
"120 W THIRD ST, STOCKTON",Stockton,CA
"2711 CERRUTI ST, STOCKTON",Stockton,CA
"1608 ELEVENTH ST, STOCKTON",Stockton,CA
"548 E FIFTH ST, STOCKTON",Stockton,CA
"1901 S TURNPIKE RD, STOCKTON",Stockton,CA
"1573 JULIAN ST, STOCKTON",Stockton,CA
"1801 S HUNTER ST, STOCKTON",Stockton,CA
"725 E NINTH ST, STOCKTON",Stockton,CA
"1110 E TENTH ST, STOCKTON",Stockton,CA
"406 E FIFTH ST, STOCKTON",Stockton,CA
"1925 S HUNTER ST, STOCKTON",Stockton,CA
"224-A W SIXTH ST, STOCKTON",Stockton,CA
"1630 TURNPIKE RD, STOCKTON",Stockton,CA
"2427 S AIRPORT WY, STOCKTON",Stockton,CA
"2638 S COMMERCE ST, STOCKTON",Stockton,CA
"339 W FIFTH ST, STOCKTON",Stockton,CA
"1128 E TENTH ST, STOCKTON",Stockton,CA
"1732 S TURNPIKE RD, STOCKTON",Stockton,CA
"930 E MARTIN LUTHER KING BL, STOCKTON",Stockton,CA
"1729 BENEDINO CI, STOCKTON",Stockton,CA
"344 W FIFTH ST, STOCKTON",Stockton,CA
"1630 JULIAN ST, STOCKTON",Stockton,CA
"1037 E NINTH ST, STOCKTON",Stockton,CA
"1537 ARRIBA RD, STOCKTON",Stockton,CA
"599 SPRUCE ST, STOCKTON",Stockton,CA
"2460 S MADISON ST, STOCKTON",Stockton,CA
"1401 E TENTH ST, STOCKTON",Stockton,CA
"1626 JULIAN ST, STOCKTON",Stockton,CA
"1500 JULIAN ST, STOCKTON",Stockton,CA
"1515 S AURORA ST, STOCKTON",Stockton,CA
"1763 S AURORA ST, STOCKTON",Stockton,CA
"1029 E SEVENTH ST, STOCKTON",Stockton,CA
"2130 AZTEC AV, STOCKTON",Stockton,CA
"517 W MARTIN LUTHER KING BL, STOCKTON",Stockton,CA
"2050 S TURNPIKE RD, STOCKTON",Stockton,CA
"1725 S EL DORADO ST, STOCKTON",Stockton,CA
"600 E MARTIN LUTHER KING BL, STOCKTON",Stockton,CA
"1859 S CALIFORNIA ST, STOCKTON",Stockton,CA
"1811 S SUTTER ST, STOCKTON",Stockton,CA
"2208 PERALTA AV, STOCKTON",Stockton,CA
"1951 S LINCOLN ST, STOCKTON",Stockton,CA
"2342 S MONROE ST, STOCKTON",Stockton,CA
"400 E SECOND ST, STOCKTON",Stockton,CA
"1609 FIESTA PZ, STOCKTON",Stockton,CA
"1080 E NINTH ST, STOCKTON",Stockton,CA
"2238 S TURNPIKE RD, STOCKTON",Stockton,CA
"2238 TURNPIKE RD, STOCKTON",Stockton,CA
"1512 TWELFTH ST, STOCKTON",Stockton,CA
"569 DELHI AV, STOCKTON",Stockton,CA
"1525 SPRING ST, STOCKTON",Stockton,CA
"1444 S AMERICAN ST, STOCKTON",Stockton,CA
"2229 OPHIR ST, STOCKTON",Stockton,CA
"2066 S LINCOLN ST, STOCKTON",Stockton,CA
"2215 S SACRAMENTO ST, STOCKTON",Stockton,CA
"1618 E TENTH ST, STOCKTON",Stockton,CA
1700 BLK S AURORA ST,Stockton,CA
1400 BLK E EIGHTH ST,Stockton,CA
1000 BLK E SEVENTH ST,Stockton,CA
2100 BLK AZTEC AV,Stockton,CA
500 BLK W MARTIN LUTHER KING BL,Stockton,CA
2000 BLK S TURNPIKE RD,Stockton,CA
1700 BLK S EL DORADO ST,Stockton,CA
600 BLK E MARTIN LUTHER KING BL,Stockton,CA
1800 BLK S CALIFORNIA ST,Stockton,CA
1800 BLK S SUTTER ST,Stockton,CA
2200 BLK PERALTA AV,Stockton,CA
1900 BLK S LINCOLN ST,Stockton,CA
2300 BLK S MONROE ST,Stockton,CA
400 BLK E SECOND ST,Stockton,CA
1600 BLK FIESTA PZ,Stockton,CA
1000 BLK E NINTH ST,Stockton,CA
2200 BLK S TURNPIKE RD,Stockton,CA
2200 BLK TURNPIKE RD,Stockton,CA
1500 BLK TWELFTH ST,Stockton,CA
2300 BLK S BIEGHLE ST,Stockton,CA
500 BLK DELHI AV,Stockton,CA
1500 BLK SPRING ST,Stockton,CA
1400 BLK S AMERICAN ST,Stockton,CA
2200 BLK OPHIR ST,Stockton,CA
1500 BLK ARRIBA RD,Stockton,CA
2000 BLK S LINCOLN ST,Stockton,CA
2200 BLK S SACRAMENTO ST,Stockton,CA
1600 BLK E TENTH ST,Stockton,CA
2100 BLK S AIRPORT WY,Stockton,CA
2700 BLK HEINZ ST,Stockton,CA
1600 BLK S CENTER ST,Stockton,CA
1400 BLK S CALIFORNIA ST,Stockton,CA
1600 BLK THIRTEENTH ST,Stockton,CA
2300 BLK S SACRAMENTO ST,Stockton,CA
300 BLK E EIGHTH ST,Stockton,CA
1900 BLK S UNION ST,Stockton,CA
2700 BLK S MONROE ST,Stockton,CA
700 BLK E MARTIN LUTHER KING BL,Stockton,CA
500 BLK E THIRD ST,Stockton,CA
1500 BLK E EIGHTH ST,Stockton,CA
1700 BLK E SEVENTH ST,Stockton,CA
E FOURTH ST/S CALIFORNIA ST,Stockton,CA
2100 BLK PHELPS ST,Stockton,CA
700 BLK W EIGHTH ST,Stockton,CA
500 BLK E FOURTH ST,Stockton,CA
2100 BLK SCRIBNER ST,Stockton,CA
300 BLK KOLHER ST,Stockton,CA
2200 BLK S SUTTER ST,Stockton,CA
2300 BLK S HARRISON ST,Stockton,CA
1600 BLK E NINTH ST,Stockton,CA
2300 BLK PHELPS ST,Stockton,CA
1500 BLK E SEVENTH ST,Stockton,CA
1600 BLK JULIAN ST,Stockton,CA
1900 BLK SIKH TEMPLE ST,Stockton,CA
1900 BLK S EL DORADO ST,Stockton,CA
200 BLK W SIXTH ST,Stockton,CA
1600 BLK SIKH TEMPLE ST,Stockton,CA
200 BLK W NINTH ST,Stockton,CA
2200 BLK S HARRISON ST,Stockton,CA
2300 BLK S EL DORADO ST,Stockton,CA
500 BLK E MARTIN LUTHER KING BL,Stockton,CA
2600 BLK S COMMERCE ST,Stockton,CA
1800 BLK S LINCOLN ST,Stockton,CA
300 BLK W THIRD ST,Stockton,CA
2200 BLK PHELPS ST,Stockton,CA
1000 BLK W CHARTER WY,Stockton,CA
1500 BLK E NINTH ST,Stockton,CA
800 BLK E MARTIN LUTHER KING BL,Stockton,CA
1500 BLK JULIAN ST,Stockton,CA
700 BLK E SIXTH ST,Stockton,CA
2000 BLK S AMERICAN ST,Stockton,CA
2000 BLK S EL DORADO ST,Stockton,CA
300 BLK W SIXTH ST,Stockton,CA
2000 BLK TURNPIKE RD,Stockton,CA
1700 BLK S CALIFORNIA ST,Stockton,CA
1600 BLK S STANISLAUS ST,Stockton,CA
2700 BLK S CALIFORNIA ST,Stockton,CA
1600 BLK S EL DORADO ST,Stockton,CA
700 BLK CLOYNE CT,Stockton,CA
300 BLK E THIRD ST,Stockton,CA
1100 BLK E MARTIN LUTHER KING BL,Stockton,CA
2300 BLK S UNION ST,Stockton,CA
1100 BLK E CLAY ST,Stockton,CA
2100 BLK S CALIFORNIA ST,Stockton,CA
2000 BLK PERALTA AV,Stockton,CA
2400 BLK S MADISON ST,Stockton,CA
2200 BLK S LINCOLN ST,Stockton,CA
1200 BLK E SEVENTH ST,Stockton,CA
500 BLK ASPEN ST,Stockton,CA
2300 BLK SCRIBNER ST,Stockton,CA
500 BLK E FIRST ST,Stockton,CA
2000 BLK PHELPS ST,Stockton,CA
1300 BLK S CALIFORNIA ST,Stockton,CA
200 BLK W EIGHTH ST,Stockton,CA
1200 BLK E EIGHTH ST,Stockton,CA
1500 BLK E TENTH ST,Stockton,CA
1900 BLK S SUTTER ST,Stockton,CA
1700 BLK BENEDINO CI,Stockton,CA
1400 BLK E SEVENTH ST,Stockton,CA
2000 BLK S PILGRIM ST,Stockton,CA
900 BLK E FIRST ST,Stockton,CA
NA,San Jose,CA
200 BLK MOSSWOOD AV,Stockton,CA
300 BLK W FOURTH ST,Stockton,CA
1700 BLK S HARRISON ST,Stockton,CA
500 BLK HOWARD ST,Stockton,CA
1100 BLK E TENTH ST,Stockton,CA
1700 BLK S AMERICAN ST,Stockton,CA
1100 BLK E SEVENTH ST,Stockton,CA
1700 BLK E EIGHTH ST,Stockton,CA
1800 BLK E TWELFTH ST,San Jose,CA
2000 BLK SIKH TEMPLE ST,Stockton,CA
900 BLK E MARTIN LUTHER KING BL,Stockton,CA
900 BLK E EIGHTH ST,Stockton,CA
2500 BLK S HARRISON ST,Stockton,CA
1600 BLK E EIGHTH ST,Stockton,CA
1800 BLK S EL DORADO ST,Stockton,CA
2000 BLK SCRIBNER ST,Stockton,CA
1700 BLK S LINCOLN ST,Stockton,CA
2000 BLK S SUTTER ST,Stockton,CA
NB INTERSTATE 5/W MARTIN LUTHER KING BL,Stockton,CA
1400 BLK S CENTER ST,Stockton,CA
100 BLK HORTON AV,Stockton,CA
500 BLK W SIXTH ST,Stockton,CA
2600 BLK S MADISON ST,Stockton,CA
1500 BLK S HUNTER ST,Stockton,CA
2300 BLK S TURNPIKE RD,Stockton,CA
2500 BLK PHELPS ST,Stockton,CA
1400 BLK E SIXTH ST,Stockton,CA
500 BLK E SEVENTH ST,Stockton,CA
700 BLK E NINTH ST,Stockton,CA
300 BLK W SEVENTH ST,Stockton,CA
400 BLK E MARTIN LUTHER KING BL,Stockton,CA
2100 BLK S SAN JOAQUIN ST,Stockton,CA
1500 BLK S SUTTER ST,Stockton,CA
1800 BLK E EIGHTH ST,San Jose,CA
W CHARTER WY/NB INTERSTATE 5,Stockton,CA
2500 BLK ORVILLE ST,Stockton,CA
2400 BLK S HARRISON ST,Stockton,CA
100 BLK W SIXTH ST,Stockton,CA
1900 BLK S CALIFORNIA ST,Stockton,CA
600 BLK W MARTIN LUTHER KING BL,Stockton,CA
1700 BLK S STANISLAUS ST,Stockton,CA
700 BLK E FOURTH ST,Stockton,CA
300 BLK E FIRST ST,Stockton,CA
100 BLK W SEVENTH ST,Stockton,CA
0 BLK W NINTH ST,Stockton,CA
1500 BLK S SAN JOAQUIN ST,Stockton,CA
2600 BLK S LINCOLN ST,Stockton,CA
700 BLK E FIFTH ST,Stockton,CA
300 BLK S MADISON ST,Stockton,CA
2100 BLK BAJA CT,Stockton,CA
S BIEGHLE ST/E ELEVENTH ST,Stockton,CA
300 BLK E NINTH ST,Stockton,CA
2400 BLK S CALIFORNIA ST,Stockton,CA
2500 BLK S MONROE ST,Stockton,CA
2700 BLK WESSON WY,Stockton,CA
1600 BLK E SEVENTH ST,Stockton,CA
1700 BLK S SAN JOAQUIN ST,Stockton,CA
2000 BLK S CALIFORNIA ST,Stockton,CA
1800 BLK CLOVER LN,San Jose,CA
0 BLK MOSSWOOD AV,Stockton,CA
1500 BLK S CALIFORNIA ST,Stockton,CA
E FIRST ST/S AIRPORT WY,Stockton,CA
2200 BLK S EL DORADO ST,Stockton,CA
2200 BLK MANTHEY RD,Stockton,CA
1600 BLK TURNPIKE RD,Stockton,CA
500 BLK E NINTH ST,Stockton,CA
300 BLK W MARTIN LUTHER KING BL,Stockton,CA
2100 BLK ANNE ST,Stockton,CA
200 BLK E THIRD ST,Stockton,CA
2000 BLK S AIRPORT WY,Stockton,CA
S BIEGHLE ST/E EIGHTH ST,Stockton,CA
1600 BLK E SIXTH ST,Stockton,CA
1400 BLK S HUNTER ST,Stockton,CA
1800 BLK E NINTH ST,San Jose,CA
1500 BLK S STANISLAUS ST,Stockton,CA
2200 BLK SCRIBNER ST,Stockton,CA
1900 BLK S AMERICAN ST,Stockton,CA
1500 BLK E SIXTH ST,Stockton,CA
2600 BLK S VAN BUREN ST,Stockton,CA
E SEVENTH ST/PHELPS ST,Stockton,CA
2700 BLK S AIRPORT WY,Stockton,CA
1500 BLK S AIRPORT WY,Stockton,CA
700 BLK HYDE CT,Stockton,CA
1100 BLK E NINTH ST,Stockton,CA
2000 BLK OPHIR ST,Stockton,CA
1500 BLK ELEVENTH ST,Stockton,CA
2100 BLK S UNION ST,Stockton,CA
500 BLK W SEVENTH ST,Stockton,CA
2000 BLK FAIR ST,Stockton,CA
400 BLK E NINTH ST,Stockton,CA
1700 BLK HERMAN CT,Stockton,CA
1500 BLK SIKH TEMPLE ST,Stockton,CA
100 BLK E FIFTH ST,Stockton,CA
100 BLK W FOURTH ST,Stockton,CA
1900 BLK S SAN JOAQUIN ST,Stockton,CA
2400 BLK S SACRAMENTO ST,Stockton,CA
2400 BLK OPHIR ST,Stockton,CA
1300 BLK E MARTIN LUTHER KING BL,Stockton,CA
600 BLK E SECOND ST,Stockton,CA
2200 BLK S AIRPORT WY,Stockton,CA
1600 BLK ELEVENTH ST,Stockton,CA
2600 BLK S AIRPORT WY,Stockton,CA
1400 BLK S LINCOLN ST,Stockton,CA
300 BLK E SIXTH ST,Stockton,CA
400 BLK W EIGHTH ST,Stockton,CA
800 BLK E SECOND ST,Stockton,CA
2500 BLK VIVA PZ,Stockton,CA
1400 BLK S SAN JOAQUIN ST,Stockton,CA
2100 BLK S PILGRIM ST,Stockton,CA
2300 BLK ANNE ST,Stockton,CA
2400 BLK VOLNEY ST,Stockton,CA
300 BLK E MARTIN LUTHER KING BL,Stockton,CA
400 BLK E FIRST ST,Stockton,CA
2500 BLK S COMMERCE ST,Stockton,CA
2400 BLK TIFFANY ST,Stockton,CA
1700 BLK S SUTTER ST,Stockton,CA
2600 BLK FAIRMONT AV,Stockton,CA
300 BLK W NINTH ST,Stockton,CA
500 BLK W NINTH ST,Stockton,CA
1600 BLK S SAN JOAQUIN ST,Stockton,CA
2600 BLK PLAYA DEL SOL AV,Stockton,CA
2700 BLK S LINCOLN ST,Stockton,CA
500 BLK BUENA VIDA CT,Stockton,CA
1900 BLK S HUNTER ST,Stockton,CA
200 BLK E FIFTH ST,Stockton,CA
S HUNTER ST/E HAZELTON AV,Stockton,CA
